survey_id,line_out_depth,temperature,salinity,ysi_gather_lat,ysi_gather_long
DE100,0,13.9,26.9,NA,NA
DE100,1,13.2,26.9,NA,NA
DE101,0,14.6,26.1,NA,NA
DE101,1,14.6,26.1,NA,NA
DE102,0,13.5,27.1,NA,NA
DE102,1,13.5,27.2,NA,NA
DE103,0,14.8,26.3,NA,NA
DE104,0,15.2,25.7,NA,NA
DE105,0,15.3,27,NA,NA
DE105,1,14.5,27.2,NA,NA
DE103,1,14.8,26.3,NA,NA
DE104,1,14.9,25.8,NA,NA
DE107,0,14.4,27.4,NA,NA
DE106,0,10.6,28.7,NA,NA
DE107,1,13.8,27.3,NA,NA
DE106,1,10.6,28.8,NA,NA
DE108,0,16,26.2,NA,NA
DE108,1,15.8,26.3,NA,NA
DE109,0,14.9,27.1,NA,NA
DE110,0,17,26.2,NA,NA
DE109,1,14.8,27.1,NA,NA
DE110,1,16.3,26.2,NA,NA
DE111,0,14,24.1,NA,NA
DE111,1,13.4,24.6,NA,NA
DE112,0,11,28.7,NA,NA
DE112,1,10.8,28.7,NA,NA
DE115,0,15.7,27.8,NA,NA
DE114,0,16.1,25.9,NA,NA
DE115,1,15.6,27.8,NA,NA
DE114,1,15.9,25.1,NA,NA
DE116,0,14.6,25.2,NA,NA
DE117,0,10.6,28.8,NA,NA
DE116,1,14.6,25.4,NA,NA
DE117,1,10.4,28.8,NA,NA
DE120,0,10.6,27.3,NA,NA
DE121,0,11.1,29.2,NA,NA
DE120,1,10.6,29.2,NA,NA
DE121,1,11.1,29.2,NA,NA
DE124,0,15.2,26,NA,NA
DE124,1,15.2,26,NA,NA
DE128,0,11.2,26.7,NA,NA
DE130,0,11.5,28.9,NA,NA
DE128,1,10.8,28.1,NA,NA
DE130,1,11.4,29,NA,NA
DE137,0,12.3,23.4,NA,NA
DE139,0,12.6,28.7,NA,NA
DE137,1,11.4,26.3,NA,NA
DE139,1,11.7,28.8,NA,NA
DE140,0,11.2,28.7,NA,NA
DE140,1,11.1,28.8,NA,NA
DE143,0,17.7,23.3,NA,NA
DE145,0,18,23.7,NA,NA
DE145,1,17.7,24,NA,NA
DE143,1,17.9,23.5,NA,NA
DE149,0,10.4,28.6,NA,NA
DE150,0,11.1,28.9,NA,NA
DE151,0,11.7,28.6,NA,NA
DE149,1,10.3,28.6,NA,NA
DE150,1,10.9,29,NA,NA
DE151,1,11.3,28.8,NA,NA
DE152,0,10.1,29,NA,NA
DE153,0,10.9,29.1,NA,NA
DE154,0,11.8,28.6,NA,NA
DE152,1,10.2,28.9,NA,NA
DE153,1,10.8,29.2,NA,NA
DE154,1,11.6,28.7,NA,NA
DE158,0,12.4,28.1,NA,NA
DE155,0,16.8,19,NA,NA
DE155,1,16.7,19.5,NA,NA
DE158,1,12.1,28.2,NA,NA
DE163,0,18.4,25.4,NA,NA
DE160,0,10.6,28.4,NA,NA
DE162,0,11.9,28.4,NA,NA
DE163,1,18,25.4,NA,NA
DE160,1,10.7,28.4,NA,NA
DE162,1,11.7,28.4,NA,NA
DE169,0,16.8,26.6,NA,NA
DE168,0,11.7,28.5,NA,NA
DE169,1,16.5,26.8,NA,NA
DE168,1,11.7,28.6,NA,NA
DE170,0,11.4,28.7,NA,NA
DE173,0,11.8,28.6,NA,NA
DE170,1,11.4,28.8,NA,NA
DE173,1,11.7,28.6,NA,NA
#N/A,0,11.3,28.8,50.307966,-125.329556
DE174,0,11.6,28.8,50.307966,-125.329556
DE175,0,11.6,28.7,NA,NA
DE175,1,11.4,28.7,NA,NA
DE174,1,11.5,28.8,50.307966,-125.329556
DE182,0,12.5,28.9,50.190513,-125.144402
DE182,1,11.9,28.8,50.190513,-125.144402
DE184,0,11,29.2,50.347406,-125.453326
DE183,0,11.4,28.9,50.307834,-125.330049
DE184,1,10.9,29.3,50.347406,-125.453326
DE183,1,11.3,28.9,50.307834,-125.330049
DE192,0,11,29.3,NA,NA
DE192,1,10.9,29.3,NA,NA
DE194,0,17,23.1,50.321539,-125.039238
DE194,1,16.4,23.6,50.321539,-125.039238
DE198,0,10.7,29.5,NA,NA
DE199,0,11.3,29.2,NA,NA
DE198,1,10.7,29.6,NA,NA
DE199,1,11.1,29.2,NA,NA
DE202,0,14,26.4,50.003478,-125.138713
DE201,0,10.3,28.1,50.098945,-125.271514
DE202,1,14,26.7,50.003478,-125.138713
DE201,1,10.8,29.2,50.098945,-125.271514
DE205,0,10.8,29.6,NA,NA
DE206,0,11.5,29.3,NA,NA
DE205,1,10.8,29.6,NA,NA
DE206,1,11.4,29.3,NA,NA
DE212,0,10.8,29,50.44911,-125.324304
DE214,0,11.8,28.9,50.307484,-125.330714
DE212,1,10.6,28.9,50.44911,-125.324304
DE214,1,11.4,28.9,50.307484,-125.330714
DE217,0,11.2,28.9,50.102543,-125.276026
DE217,1,11.1,29,50.102543,-125.276026
DE218,0,10.6,28.7,50.440489,-125.270759
DE219,0,11.2,29.2,50.348554,-125.445381
DE220,0,11.7,28.9,50.307106,-125.325928
DE218,1,10.5,29,50.440489,-125.270759
DE219,1,11.2,29.2,50.348554,-125.445381
DE220,1,11.6,28.9,50.307106,-125.325928
DE221,0,12.7,28.4,50.306852,-125.334925
DE221,1,12.1,28.4,50.306852,-125.334925
DE226,0,12.4,28.6,50.307196,-125.333301
DE225,0,11.4,29.1,50.348645,-125.446688
DE226,1,12.1,28.5,50.307196,-125.333301
DE225,1,11.4,29.2,50.348645,-125.446688
DE231,0,12.1,32.1,50.304319,-125.338056
DE231,1,11.9,32.2,50.304319,-125.338056
DE234,0,11.4,28.8,50.348557,-125.445679
DE234,1,11.3,28.9,50.348557,-125.445679
DE237,0,11.1,29.3,50.348394,-125.448635
DE236,0,11.4,29.1,50.306303,-125.316594
DE237,1,11,29.3,50.348394,-125.448635
DE236,1,11.4,29.1,50.306303,-125.316594
DE239,0,12.6,29.2,50.308225,-125.329748
DE238,0,11.6,29.6,50.34823,-125.455593
DE239,1,12.2,29.2,50.308225,-125.329748
DE238,1,11.3,29.7,50.34823,-125.455593
DE241,0,11.9,29.2,50.348205,-125.454567
DE240,0,12,28.7,50.30711,-125.332922
DE241,1,11.7,29.2,50.348205,-125.454567
DE240,1,12,28.8,50.30711,-125.332922
JE101,0,9.1,28.5,NA,NA
JE101,1,9.6,28.5,NA,NA
JE102,0,9.6,28.5,50.474257,-126.033654
JE102,1,9.5,28.5,50.474257,-126.033654
JE104,0,9.6,28.5,50.456052,-126.118796
JE105,0,9.8,28.5,50.480791,-126.409149
JE106,0,10,28.5,50.524255,-126.392696
JE105,1,9.7,28.6,50.480791,-126.409149
JE104,1,9.6,28.5,50.456052,-126.118796
JE106,1,9.8,28.6,50.524255,-126.392696
JE107,0,9.7,28,NA,NA
JE109,0,10.2,28.6,50.558253,-126.7323
JE108,0,10.2,28.6,50.539373,-126.778415
JE107,1,9.7,28.7,NA,NA
JE108,1,9.8,28.6,50.539373,-126.778415
JE109,1,9.8,28.6,50.558253,-126.7323
JE112,0,10.4,28.3,NA,NA
JE110,0,9.4,28.8,50.601987,-126.705337
JE112,1,10.2,28.3,NA,NA
JE110,1,9.4,28.7,50.601987,-126.705337
JE113,0,9.8,28.5,50.498802,-126.213365
JE114,0,9.9,28.5,50.525134,-126.391442
JE115,0,10,28.6,50.480605,-126.412358
JE114,1,9.7,28.6,50.525134,-126.391442
JE113,1,9.8,28.5,50.498802,-126.213365
JE115,1,10,28.6,50.480605,-126.412358
#N/A,0,9.9,28.5,50.455426,-126.116982
JE116,0,9.9,28.5,50.455426,-126.116982
JE117,0,10,28.6,NA,NA
JE118,0,11.8,28.1,50.53971,-126.783189
JE116,1,9.9,28.5,50.455426,-126.116982
JE117,1,9.9,28.6,NA,NA
JE116,1,9.9,28.5,50.455426,-126.116982
JE118,1,10,28.6,50.53971,-126.783189
JE119,0,9.8,28.7,50.559799,-126.752301
JE122,0,11.1,28.4,NA,NA
JE119,1,9.8,28.7,50.559799,-126.752301
JE122,1,10.9,28.5,NA,NA
JE123,0,9.8,28.6,NA,NA
JE123,1,9.7,28.6,NA,NA
JE126,0,10.9,28.1,50.483847,-126.010501
JE126,1,10.5,28.2,50.483847,-126.010501
JE128,0,9.8,28.5,50.507297,-126.243504
JE129,0,10.1,28.4,NA,NA
JE131,0,11.2,28.4,NA,NA
JE128,1,9.8,28.6,50.507297,-126.243504
JE129,1,10,28.6,NA,NA
JE131,1,11.2,28.4,NA,NA
JE132,0,10,28.6,50.521512,-126.399509
JE133,0,10.5,28.6,50.546047,-126.66185
JE134,0,10.7,28.7,50.538281,-126.774987
JE132,1,9.9,28.6,50.521512,-126.399509
JE133,1,10.4,28.6,50.546047,-126.66185
JE134,1,10.7,28.6,50.538281,-126.774987
JE137,0,9.7,29,50.578761,-126.72118
JE136,0,10,28.8,NA,NA
JE138,0,11.1,28.6,50.558453,-126.731707
JE137,1,9.6,29.1,50.578761,-126.72118
JE136,1,9.9,28.9,NA,NA
JE138,1,10.7,28.6,50.558453,-126.731707
JE139,0,9.8,28.7,50.507728,-126.242241
JE140,0,9.9,28.7,50.456512,-126.162745
JE139,1,9.8,28.8,50.507728,-126.242241
JE140,1,9.9,28.7,50.456512,-126.162745
JE142,0,10.1,28.4,50.481727,-126.00943
JE143,0,10.1,28.6,50.480855,-126.408852
JE145,0,11.3,28.3,NA,NA
JE142,1,10,28.5,50.481727,-126.00943
JE143,1,10.1,28.6,50.480855,-126.408852
JE145,1,10.9,28.6,NA,NA
JE146,0,10.3,28,50.523031,-126.396102
JE147,0,10.7,28.7,NA,NA
JE148,0,11.3,29.4,50.595639,-126.690058
JE148,1,9.9,29.2,50.595639,-126.690058
JE146,1,10.2,28.2,50.523031,-126.396102
JE147,1,10.5,28.7,NA,NA
JE149,0,9.9,28.7,NA,NA
JE150,0,10.1,29,50.568489,-126.696186
JE150,1,9.9,28.8,50.568489,-126.696186
JE149,1,10,28.7,NA,NA
JE152,0,10,28.7,NA,NA
JE152,1,9.9,28.7,NA,NA
JE154,0,9.9,28.5,50.477961,-126.027901
JE155,0,9.9,28.7,50.499716,-126.204842
JE157,0,10.8,28.5,50.480477,-126.413345
JE159,0,12,28.7,50.539784,-126.782313
JE154,1,9.8,28.6,50.477961,-126.027901
JE155,1,9.9,28.7,50.499716,-126.204842
JE157,1,10.7,28.5,50.480477,-126.413345
JE159,1,11.3,28.7,50.539784,-126.782313
JE160,0,10,28.7,50.526797,-126.386767
JE161,0,11.4,28.8,50.544197,-126.631666
JE162,0,11.4,29.2,50.576849,-126.72192
JE160,1,9.9,28.8,50.526797,-126.386767
JE161,1,10.6,28.8,50.544197,-126.631666
JE162,1,11,29.3,50.576849,-126.72192
JE163,0,9.5,29.1,50.602597,-126.701995
JE163,1,9.5,29.1,50.602597,-126.701995
JE165,0,10,28.8,50.500394,-126.208371
JE166,0,11.2,28.6,50.459055,-126.169119
JE165,1,10,28.8,50.500394,-126.208371
JE166,1,10.6,28.7,50.459055,-126.169119
JE168,0,10.2,28.5,50.479679,-126.026227
JE168,1,10.2,28.5,50.479679,-126.026227
JE171,0,10.6,28.8,50.539446,-126.782788
JE171,1,10.5,28.9,50.539446,-126.782788
JE173,0,10.4,28.8,50.458298,-126.169971
JE174,0,10.6,28.7,50.49897,-126.212901
JE172,0,10.7,28.3,50.479454,-126.025613
JE174,1,10.3,28.7,50.49897,-126.212901
JE172,1,10.3,28.5,50.479454,-126.025613
JE173,1,10.4,28.9,50.458298,-126.169971
JE175,0,10.1,28.7,50.525253,-126.385998
JE177,0,10.2,28.9,50.547213,-126.674937
JE176,0,10.4,28.8,NA,NA
JE178,0,10.7,28.8,NA,NA
JE177,1,10,28.9,50.547213,-126.674937
JE175,1,10,28.8,50.525253,-126.385998
JE178,1,10.3,28.9,NA,NA
JE176,1,10.5,28.9,NA,NA
JE179,0,9.5,29.3,50.582039,-126.72031
JE180,0,9.9,29.3,NA,NA
JE181,0,10.6,28.9,50.543591,-126.814687
JE179,1,9.5,29.4,50.582039,-126.72031
JE180,1,9.6,29.3,NA,NA
JE181,1,10,29.1,50.543591,-126.814687
JE182,0,9.8,28.9,NA,NA
JE183,0,10.3,28.8,NA,NA
JE184,0,10.4,28.8,NA,NA
JE182,1,9.8,28.9,NA,NA
JE184,1,10.3,28.8,NA,NA
JE183,1,10.3,28.8,NA,NA
JE188,0,9.8,29.3,50.580703,-126.722562
JE186,0,10.1,28.8,50.457347,-126.168582
JE187,0,10.2,28.9,50.500079,-126.210108
JE185,0,10.4,28.5,50.479174,-126.024695
JE188,1,9.5,29.4,50.580703,-126.722562
JE186,1,10,28.9,50.457347,-126.168582
JE187,1,10.1,28.9,50.500079,-126.210108
JE185,1,10.3,28.5,50.479174,-126.024695
JE191,0,10,29.3,50.602641,-126.701554
JE189,0,10,28.7,50.544194,-126.818668
JE190,0,10.5,28.8,50.558179,-126.733645
JE191,1,9.7,29.2,50.602641,-126.701554
JE189,1,9.9,29,50.544194,-126.818668
JE190,1,10.3,28.8,50.558179,-126.733645
JE192,0,10,28.8,50.519035,-126.408281
JE193,0,10.4,28.6,50.481127,-126.411072
JE195,0,11.4,28.8,50.457892,-126.169688
JE192,1,10,28.8,50.519035,-126.408281
JE193,1,10.3,28.6,50.481127,-126.411072
JE195,1,10.7,28.9,50.457892,-126.169688
JE196,0,9.9,28.9,50.475954,-126.02681
JE197,0,10,28.9,NA,NA
JE198,0,10.7,28.8,50.55846,-126.732418
JE196,1,9.8,28.9,50.475954,-126.02681
JE197,1,9.8,28.9,NA,NA
JE198,1,10.9,28.8,50.55846,-126.732418
JE200,0,9.9,28.9,50.582124,-126.720846
JE199,0,10.6,28.6,50.547821,-126.677316
JE201,0,10.8,28.5,50.602285,-126.702922
JE202,0,11.8,29,50.544419,-126.817603
JE200,1,9.9,29,50.582124,-126.720846
JE201,1,10.3,28.7,50.602285,-126.702922
JE199,1,10.6,28.6,50.547821,-126.677316
JE202,1,11.1,28.9,50.544419,-126.817603
JE205,0,10.5,28.7,NA,NA
JE203,0,10.5,28.8,NA,NA
JE204,0,10.8,28.6,NA,NA
JE206,0,11,28.5,50.478533,-126.415897
JE205,1,10.4,28.7,NA,NA
JE203,1,10.4,28.8,NA,NA
JE204,1,10.4,28.9,NA,NA
JE206,1,10.9,28.5,50.478533,-126.415897
JE209,0,14.4,29.1,50.54436,-126.819082
JE207,0,10.3,28.9,50.557381,-126.731109
JE208,0,11.2,27.1,NA,NA
JE207,1,10.2,28.9,50.557381,-126.731109
JE208,1,11,27.2,NA,NA
JE209,1,11.5,29.2,50.54436,-126.819082
JE210,0,9.7,29.2,50.602528,-126.702007
JE211,0,11.9,28.9,50.542829,-126.641526
JE210,1,9.6,29.3,50.602528,-126.702007
JE211,1,11.7,28.8,50.542829,-126.641526
JE213,0,10.9,28.9,50.458408,-126.168236
JE212,0,11.8,28.6,50.479532,-126.416476
JE213,1,10.7,28.8,50.458408,-126.168236
JE212,1,11.6,28.5,50.479532,-126.416476
JE217,0,12.1,28.8,NA,NA
JE216,0,10.3,29,50.557964,-126.73213199999999
JE218,0,11.3,29.1,50.543587,-126.817736
JE216,1,10.2,29.1,50.557964,-126.73213199999999
JE217,1,11,28.9,NA,NA
JE218,1,11.2,29,50.543587,-126.817736
JE225,0,10.5,29.5,50.541362,-126.779813
JE225,1,10.4,29.3,50.541362,-126.779813
DE242,0,10,28.9,50.224243,-125.395419
DE242,1,10,28.9,50.224243,-125.395419
DE243,0,10.3,28.5,NA,NA
DE243,1,10.2,28.8,NA,NA
DE245,1,10,27.6,NA,NA
DE245,0,10,27.6,NA,NA
DE247,0,10.3,28.4,50.233673,-125.115045
DE247,1,10.2,28.4,50.233673,-125.115045
DE249,0,11.4,27.6,NA,NA
DE249,1,11.4,27.6,NA,NA
DE250,0,10.7,28.2,NA,NA
DE250,1,10.7,28.2,NA,NA
DE251,0,13.2,24.1,NA,NA
DE251,1,13,24.6,NA,NA
DE252,0,10,28.3,50.448247,-125.399584
DE252,1,10,28.5,50.448247,-125.399584
DE253,0,10.6,28,50.385418,-125.375003
DE253,1,10.2,28.3,50.385418,-125.375003
DE254,0,10.1,28.7,50.330036,-125.459332
DE254,1,10,28.8,50.330036,-125.459332
DE255,0,15.4,25,50.023652,-124.915342
DE255,1,14.6,25.8,50.023652,-124.915342
DE257,0,11.6,28.1,49.907513,-125.162226
DE257,1,11.1,28.3,49.907513,-125.162226
DE258,0,14.4,27.4,NA,NA
DE258,1,13.9,27.3,NA,NA
DE261,0,15.9,26.5,50.190767,-125.138117
DE261,1,14.4,26.9,50.190767,-125.138117
DE259,0,13,27.3,50.235393,-125.11829
DE259,1,11.5,27.9,50.235393,-125.11829
DE260,0,16,17,NA,NA
DE260,1,15.3,19.2,NA,NA
DE262,0,10.4,28.1,50.287179,-125.33416
DE262,1,10.4,28.4,50.287179,-125.33416
DE263,0,10.5,28,NA,NA
DE263,1,10.6,28.1,NA,NA
DE264,0,10.6,28.4,50.208559,-125.355064
DE264,1,10.5,28.5,50.208559,-125.355064
DE266,0,10.2,28.7,NA,NA
DE266,1,10.1,28.8,NA,NA
DE267,0,10.4,28.5,NA,NA
DE267,1,10.4,28.5,NA,NA
DE268,0,11.3,27.5,50.451705,-125.397663
DE268,1,11.1,27.6,50.451705,-125.397663
DE269,0,15.9,25,NA,NA
DE269,1,15.8,25.1,NA,NA
DE271,0,11.9,27.7,49.935678,-125.175184
DE271,1,11.6,27.8,49.935678,-125.175184
DE272,0,15.1,25.4,NA,NA
DE272,1,15.1,25.5,NA,NA
DE274,0,15.8,19.7,50.320046,-125.042046
DE274,1,15.7,20,50.320046,-125.042046
DE275,0,13.2,27.1,50.239823,-125.118438
DE275,1,12.7,27.6,50.239823,-125.118438
DE276,0,13.5,26.8,NA,NA
DE276,1,13.3,27.3,NA,NA
DE277,0,11,28.2,50.308705,-125.324893
DE277,1,11,28.2,50.308705,-125.324893
DE278,0,10.8,28.4,50.275022,-125.378381
DE278,1,10.8,28.5,50.275022,-125.378381
DE279,0,11.1,28.1,50.224682,-125.394319
DE279,1,11,28.2,50.224682,-125.394319
DE281,0,10.4,28.9,50.348309,-125.455531
DE281,1,10.4,28.9,50.348309,-125.455531
DE282,0,10.9,28.5,NA,NA
DE282,1,10.8,28.3,NA,NA
DE283,0,11,28.3,50.462309,-125.365434
DE283,1,10.9,28.3,50.462309,-125.365434
DE284,0,14.6,25.1,50.317416,-125.051234
DE284,1,14.5,25.3,50.317416,-125.051234
DE286,0,13.1,26.1,50.23753,-125.118134
DE286,1,11.8,27.4,50.23753,-125.118134
DE287,0,12.8,27.7,NA,NA
DE287,1,12.6,27.7,NA,NA
DE288,0,10.8,28,50.244213,-125.397113
DE288,1,10.8,28.2,50.244213,-125.397113
DE289,0,10.8,28.4,50.274785,-125.377668
DE289,1,10.8,28.4,50.274785,-125.377668
DE290,0,11.3,28.1,50.30527,-125.332434
DE290,1,11.2,28.2,50.30527,-125.332434
DE292,0,11.5,28.2,NA,NA
DE292,1,11.2,28.4,NA,NA
DE293,0,11,28.6,50.274425,-125.379303
DE293,1,10.9,28.7,50.274425,-125.379303
DE294,0,11.4,28.1,50.246032,-125.395935
DE294,1,11,28.6,50.246032,-125.395935
DE295,1,10.7,28.6,NA,NA
DE295,0,10.8,28.7,NA,NA
DE296,0,12.5,28.3,NA,NA
DE296,1,11.3,28.6,NA,NA
DE297,0,11.9,26.9,50.462687,-125.368536
DE297,1,10.9,28.1,50.462687,-125.368536
DE298,0,16.2,16.9,50.319921,-125.042313
DE298,1,15.7,19.2,50.319921,-125.042313
DE299,0,12.6,27.5,50.239825,-125.12654
DE299,1,12.4,27.5,50.239825,-125.12654
DE300,0,15.7,25.7,50.191031,-125.143562
DE300,1,15.7,25.8,50.191031,-125.143562
DE301,0,11.4,28.7,NA,NA
DE301,1,11.4,28.8,NA,NA
DE302,0,11.3,28.9,50.244139,-125.397094
DE302,1,11.3,28.9,50.244139,-125.397094
DE303,0,10.9,29,50.347585,-125.455286
DE303,1,10.9,25,50.347585,-125.455286
DE304,0,10.9,28.8,50.391795,-125.370589
DE304,1,10.9,28.7,50.391795,-125.370589
DE305,0,13.1,23.7,50.461644,-125.368409
DE305,1,11.6,27.4,50.461644,-125.368409
DE307,0,15.1,25.3,50.317402,-125.04576
DE307,1,15.1,25.3,50.317402,-125.04576
DE308,0,14.6,26.2,50.190158,-125.141027
DE308,1,14.5,26.3,50.190158,-125.141027
DE309,0,15.1,26.1,NA,NA
DE309,1,15.1,26.1,NA,NA
DE310,0,15.8,23.2,49.917352,-125.163911
DE310,1,16.1,24.4,49.917352,-125.163911
DE312,0,13.7,26.6,49.917268,-125.164298
DE312,1,13.4,27.4,49.917268,-125.164298
DE313,0,16.4,25.5,49.996406,-125.147189
DE313,1,16.4,25.5,49.996406,-125.147189
DE314,0,10.8,28.2,NA,NA
DE314,1,10.8,28.4,NA,NA
DE315,0,10.8,28.9,50.391089,-125.365123
DE315,1,10.8,28.9,50.391089,-125.365123
DE316,0,10.9,29.2,50.347515,-125.455708
DE316,1,10.9,29.2,50.347515,-125.455708
DE320,0,11,28.2,50.235447,-125.399181
DE320,1,11,29,50.235447,-125.399181
DE321,0,11.4,28.8,50.274784,-125.379978
DE321,1,11.4,28.8,50.274784,-125.379978
DE317,0,12.1,28.4,50.307131,-125.332424
DE317,1,12.1,28.5,50.307131,-125.332424
DE323,0,15.4,14.1,50.318892,-125.044424
DE323,1,15.6,21.7,50.318892,-125.044424
DE325,0,13.1,27,50.23856,-125.116621
DE325,1,13.1,27,50.23856,-125.116621
DE327,0,17.4,24.9,NA,NA
DE327,1,16.9,25,NA,NA
DE329,0,11.6,28.4,50.306633,-125.331092
DE329,1,11.5,28.5,50.306633,-125.331092
DE331,0,11.4,28.7,50.244053,-125.397317
DE331,1,11.3,28.8,50.244053,-125.397317
DE334,0,11.2,29,50.274387,-125.377743
DE334,1,11.2,29,50.274387,-125.377743
DE335,0,11.4,28.8,NA,NA
DE335,1,11.3,28.7,NA,NA
DE337,0,10.9,29.5,50.390115,-125.613656
DE337,1,10.9,29.5,50.390115,-125.613656
DE338,0,12.4,22.9,50.458911,-125.36509
DE338,1,11.5,26.9,50.458911,-125.36509
DE339,0,16.4,25.4,NA,NA
DE339,1,16.4,25.5,NA,NA
DE340,0,16.9,19.1,50.319523,-125.041937
DE340,1,17,19.6,50.319523,-125.041937
DE341,0,15,26.4,NA,NA
DE341,1,14.9,26.3,NA,NA
DE345,0,16.3,19.5,50.240316,-125.119605
DE345,1,15,22.1,50.240316,-125.119605
DE346,0,18.7,17.5,50.31774,-125.045328
DE346,1,18.6,18.4,50.31774,-125.045328
DE347,0,17.8,24.5,50.190453,-125.143332
DE347,1,17.8,24.5,50.190453,-125.143332
DE348,0,11.3,28.9,50.274484,-125.377383
DE348,1,11.3,28.9,50.274484,-125.377383
DE349,0,11.3,28.9,NA,NA
DE349,1,11.3,28.9,NA,NA
DE350,0,11.9,28.5,50.307068,-125.329361
DE350,1,11.8,28.5,50.307068,-125.329361
DE352,0,11.1,28.4,50.379674,-125.373072
DE352,1,11,28.4,50.379674,-125.373072
DE353,0,11.6,28.7,50.348167,-125.455889
DE353,1,11.4,28.7,50.348167,-125.455889
DE354,0,12.1,28.8,50.387183,-125.618633
DE354,1,11.5,28.6,50.387183,-125.618633
DE355,0,15.8,19,50.461125,-125.364761
DE355,1,12.4,27,50.461125,-125.364761
DE356,0,16.3,23.5,NA,NA
DE356,1,16.4,23.7,NA,NA
DE357,0,13.6,26.5,NA,NA
DE357,1,13.3,26.8,NA,NA
DE359,0,15.4,26.5,50.190636,-125.142841
DE359,1,15.4,26.6,50.190636,-125.142841
DE360,0,11.5,28.9,NA,NA
DE360,1,11.4,29,NA,NA
DE361,0,12,28.6,50.306835,-125.334077
DE361,1,11.8,28.6,50.306835,-125.334077
DE363,0,11.9,28.7,50.243843,-125.396386
DE363,1,11.7,28.8,50.243843,-125.396386
JE242,0,10.2,30.5,50.480964,-126.409351
JE242,1,10.2,30.5,50.480964,-126.409351
JE243,0,9.8,30.6,50.523049,-126.377419
JE243,1,9.8,30.6,50.523049,-126.377419
JE244,0,9.8,30.6,NA,NA
JE244,1,9.8,30.6,NA,NA
JE245,0,9.8,31.3,50.477116,-126.02812
JE245,1,9.8,31.5,50.477116,-126.02812
JE246,0,10,31.4,NA,NA
JE246,1,10,31.4,NA,NA
JE247,0,9.9,31.6,50.557306,-126.732099
JE247,1,9.9,31.6,50.557306,-126.732099
JE248,0,10,31.6,50.543567,-126.813169
JE248,1,10,31.6,50.543567,-126.813169
JE249,0,11,32.1,50.577021,-126.721904
JE249,1,10,32.1,50.577021,-126.721904
JE250,0,9.5,30.1,50.601624,-126.703718
JE250,1,9.5,30.2,50.601624,-126.703718
JE251,0,10.4,29.6,NA,NA
JE251,1,10.2,29.6,NA,NA
JE252,0,10.1,29.6,50.601448,-126.70472
JE252,1,10,29.7,50.601448,-126.70472
JE253,0,10.2,30.3,50.580997000000004,-126.720845
JE253,1,9.7,30.3,50.580997000000004,-126.720845
JE254,0,10.1,30.4,50.555465,-126.726552
JE254,1,10,30.4,50.555465,-126.726552
JE255,0,10.4,30.4,50.540741,-126.78151
JE255,1,10.4,30.4,50.540741,-126.78151
JE256,0,10.2,30.2,50.478785,-126.436163
JE256,1,10.2,30.3,50.478785,-126.436163
JE257,0,10.2,31.3,50.507702,-126.24266
JE257,1,10.2,31.4,50.507702,-126.24266
JE258,0,10.2,31.6,50.458499,-126.169751
JE258,1,10.1,31.4,50.458499,-126.169751
JE261,0,10.8,31.3,50.543064,-126.632073
JE261,1,10.5,31.3,50.543064,-126.632073
JE259,0,10,31.4,50.476461,-126.026782
JE259,1,9.8,31.6,50.476461,-126.026782
JE260,0,10.2,31.3,50.526371,-126.389178
JE260,1,10.2,31.2,50.526371,-126.389178
JE262,0,9.9,31.8,50.544652,-126.816469
JE262,1,9.9,31.8,50.544652,-126.816469
JE263,0,10.6,31.6,NA,NA
JE263,1,10.5,31.5,NA,NA
JE264,0,10.4,31.9,50.602143,-126.701418
JE264,1,9.8,31.9,50.602143,-126.701418
JE265,0,10,32.9,50.577378,-126.721772
JE265,1,10,32.9,50.577378,-126.721772
JE266,0,10,32.3,50.547415,-126.677024
JE266,1,10,32.3,50.547415,-126.677024
JE267,0,10.4,31.8,50.480168,-126.41448
JE267,1,10.4,31.8,50.480168,-126.41448
JE268,0,10.1,32.2,50.480168,-126.41448
JE268,1,10.1,32.2,50.480168,-126.41448
JE269,0,9.9,30.9,50.456484,-126.153848
JE269,1,9.9,31,50.456484,-126.153848
JE270,0,10,30.6,50.457717,-126.153749
JE270,1,10,31,50.457717,-126.153749
JE271,0,10.5,30.9,50.500213,-126.208514
JE271,1,10.3,30.9,50.500213,-126.208514
JE272,0,9.7,32,50.602229,-126.704228
JE272,1,9.8,31.9,50.602229,-126.704228
JE273,0,10.7,31.8,NA,NA
JE273,1,10.5,31.8,NA,NA
JE274,0,10.3,31.9,50.543119,-126.815234
JE274,1,10.3,31.8,50.543119,-126.815234
JE275,0,10.6,31.5,50.558074,-126.732083
JE275,1,10.3,31.5,50.558074,-126.732083
JE276,0,11.2,31.3,50.542807,-126.643504
JE276,1,11.2,31.3,50.542807,-126.643504
JE282,1,10.6,30.4,50.477259,-126.028492
JE277,0,10.3,29.7,50.526809,-126.388143
JE277,1,10.3,29.9,50.526809,-126.388143
JE278,0,10.6,30.3,NA,NA
JE278,1,10.6,30.4,NA,NA
JE281,0,10.2,30.7,50.506215,-126.242144
JE281,1,10.2,30.7,50.506215,-126.242144
JE282,0,11.6,30.3,50.477259,-126.028492
JE283,0,10.3,30.4,NA,NA
JE283,1,10.3,30.7,NA,NA
JE284,0,10.4,30.1,NA,NA
JE284,1,10.1,31,NA,NA
JE285,0,10.8,30.5,50.557713,-126.732422
JE285,1,10.6,30.6,50.557713,-126.732422
JE286,0,10.7,30.7,50.545906,-126.665784
JE286,1,10.5,30.7,50.545906,-126.665784
JE287,0,9.9,31,50.580685,-126.721841
JE287,1,9.7,31.1,50.580685,-126.721841
JE288,0,9.8,30.6,50.60198,-126.702293
JE289,0,10.5,30.1,50.525978,-126.387109
JE289,1,10.2,30.4,50.525978,-126.387109
JE290,0,10.3,30.4,50.48305,-126.404122
JE290,1,10.3,30.4,50.48305,-126.404122
JE291,0,10,30.6,50.475575,-126.02906
JE291,1,9.9,30.7,50.475575,-126.02906
JE292,0,10,30.6,50.45646,-126.118861
JE292,1,10,30.7,50.45646,-126.118861
JE293,0,10.2,30.7,50.498999,-126.202827
JE293,1,10.2,30.7,50.498999,-126.202827
JE294,0,10.1,29.3,50.601518,-126.703793
JE294,1,10,29.4,50.601518,-126.703793
JE295,0,9.7,30.1,50.580276,-126.721579
JE295,1,9.7,30.1,50.580276,-126.721579
JE296,0,10.3,29.6,50.54685,-126.671441
JE296,1,10.2,29.6,50.54685,-126.671441
JE297,0,10.4,29.6,50.543687,-126.794614
JE297,1,10.4,29.6,50.543687,-126.794614
JE299,0,10,31,50.526347,-126.389522
JE299,1,10,31,50.526347,-126.389522
JE300,0,10.8,30.7,50.478016,-126.429304
JE300,1,10.8,30.8,50.478016,-126.429304
JE298,0,10.4,29.7,50.543702,-126.794434
JE298,1,10,29.8,50.543702,-126.794434
JE301,0,10.1,31.1,50.50748,-126.242437
JE301,1,10,31.1,50.50748,-126.242437
JE302,0,10.3,31,50.457041,-126.162672
JE302,1,10.3,30.9,50.457041,-126.162672
JE288,1,9.8,30.6,50.60198,-126.702293
DE244,0,10.7,28.7,50.309111,-125.323871
DE244,1,10.5,28.7,50.309111,-125.323871
DE248,0,10.7,28.5,50.17794,-125.124437
DE248,1,10.6,26.6,50.17794,-125.124437
DE344,0,17.3,23.6,49.997783,-125.159445
DE344,1,16.9,24,49.997783,-125.159445
DE343,0,15.5,25.7,49.92905,-125.17525
DE343,1,14.1,26.6,49.92905,-125.17525
DE342,0,16.6,22.5,50.022965,-124.916635
DE342,1,16.5,22.6,50.022965,-124.916635
JE231,0,10.3,29,50.506881,-126.247378
JE231,1,10.1,29.1,50.506881,-126.247378
JE232,0,12.4,28.9,50.458043,-126.152637
JE232,1,10,29.1,50.458043,-126.152637
JE233,0,9.6,28.9,50.473969,-126.247378
JE233,1,9.7,29.2,50.473969,-126.247378
JE234,0,10,29.2,50.458043,-126.152637
JE234,1,10,29.2,50.458043,-126.152637
JE235,0,11.5,28.4,50.526993,-126.38718
JE235,1,10.4,29.1,50.526993,-126.38718
JE236,0,11.8,28.8,50.480359,-126.412275
JE236,1,11.6,28.8,50.480359,-126.412275
JE240,0,10,29.6,50.601718,-126.701857
JE240,1,9.8,29.5,50.601718,-126.701857
JE241,0,11,29.1,50.585454,-126.749707
JE241,1,10.6,29.6,50.585454,-126.749707
JE237,0,9.9,29.2,50.543296,-126.816816
JE237,1,9.9,29.4,50.543296,-126.816816
JE238,0,10.1,29.2,50.558361,-126.732241
JE238,1,10,29.2,50.558361,-126.732241
DE408,0,12.5,17.5,50.31798138,-125.0435965
DE408,1,12.3,21,50.31798138,-125.0435965
DE414,0,8.8,17.1,50.24465574,-125.3961195
DE414,1,9.3,28.4,50.24465574,-125.3961195
DE426,0,9.5,27.6,50.30598214,-125.3328404
DE426,1,9.7,28.2,50.30598214,-125.3328404
DE416,0,12.9,19.3,50.31976563,-125.0412143
DE416,1,12.8,22.8,50.31976563,-125.0412143
DE428,0,12.7,19.9,50.30343638,-125.0319666
DE428,1,12.7,21,50.30343638,-125.0319666
DE440,0,10.4,28.2,50.30746604,-125.3297174
DE440,1,10.2,28.2,50.30746604,-125.3297174
DE403,0,10.1,28.3,50.29377487,-125.3171231
DE403,1,10,28.4,50.29377487,-125.3171231
DE415,0,9.8,28.3,50.24483115,-125.3960495
DE415,1,9.8,28.3,50.24483115,-125.3960495
DE427,0,9.9,28.4,50.26877907,-125.3638761
DE427,1,9.8,28.4,50.26877907,-125.3638761
DE364,0,10.5,27.9,50.18077706,-125.3310891
DE364,1,10.2,28,50.18077706,-125.3310891
DE365,0,10,28.2,50.3075101,-125.3196861
DE365,1,10,28.2,50.3075101,-125.3196861
JE324,0,9,29.4,50.54661853,-126.6720892
JE324,1,9,29.5,50.54661853,-126.6720892
JE325,0,8.8,30.2,50.59975845,-126.703347
JE325,1,8.8,30.2,50.59975845,-126.703347
DE439,0,13.4,22,50.31936057,-125.0406286
DE439,1,13.7,23,50.31936057,-125.0406286
JE326,0,9,29.7,50.53762812,-126.6319168
JE326,1,9,29.7,50.53762812,-126.6319168
DE405,0,13.8,22.2,50.30335518,-125.0317438
DE405,1,13.8,22.8,50.30335518,-125.0317438
JE327,0,9.3,29.8,50.54395686,-126.8143282
JE327,1,9,29.9,50.54395686,-126.8143282
DE366,0,12,26.5,50.17973195,-125.0191781
DE366,1,12,26.6,50.17973195,-125.0191781
DE417,0,9.5,25.7,50.24391499,-125.3964653
DE417,1,9.7,28.2,50.24391499,-125.3964653
DE429,0,10.2,28.5,50.27176577,-125.3771835
DE429,1,10,28.6,50.27176577,-125.3771835
DE367,0,10.9,28.3,50.30636774,-125.3298566
DE367,1,10.6,28.4,50.30636774,-125.3298566
DE441,0,9.8,26.1,50.24346147,-125.396452
DE441,1,9.9,28.5,50.24346147,-125.396452
DE412,0,9.6,28.7,50.2717967,-125.3771101
DE412,1,9.6,28.7,50.2717967,-125.3771101
DE424,0,14.8,20.5,50.31956727,-125.0411365
DE424,1,14.8,20.5,50.31956727,-125.0411365
DE368,0,14.9,20.4,50.30273588,-125.0307579
DE368,1,14.6,21.1,50.30273588,-125.0307579
DE436,0,14.9,19.7,50.31976762,-125.0401436
DE436,1,14.9,20.2,50.31976762,-125.0401436
DE369,0,14.9,20.6,50.30352871,-125.0313724
DE369,1,14.3,22.1,50.30352871,-125.0313724
JE328,0,10.3,29.6,NA,NA
JE328,1,9.8,29.7,NA,NA
JE329,0,9.6,29.9,50.53939776,-126.7769519
JE329,1,9.6,29.9,50.53939776,-126.7769519
JE330,0,10,29.9,50.52668287,-126.727793
JE330,1,9.8,29.9,50.52668287,-126.727793
JE331,0,9.5,30.4,NA,NA
JE331,1,9.5,30.5,NA,NA
JE332,0,9,31,50.59909685,-126.7028445
JE332,1,9,30.9,50.59909685,-126.7028445
JE333,0,9.8,30.5,50.53782981,-126.6317626
JE333,1,9.4,30.5,50.53782981,-126.6317626
DE422,0,10.5,28.3,50.24304444,-125.3968748
DE422,1,10.4,28.3,50.24304444,-125.3968748
DE370,0,11,28.1,50.27187368,-125.3768368
DE370,1,10.9,28.1,50.27187368,-125.3768368
JE304,0,10.3,29.8,50.54536639,-126.660198
JE304,1,10.1,30,50.54536639,-126.660198
JE334,0,9.8,29.7,50.54396148,-126.8146614
JE334,1,9.7,29.9,50.54396148,-126.8146614
JE335,0,9.8,30.2,50.53931783,-126.7770232
JE335,1,9.7,30.3,50.53931783,-126.7770232
JE336,0,9.7,30.3,50.53213659,-126.7436243
JE336,1,9.6,30.4,50.53213659,-126.7436243
DE371,0,11.6,27.4,50.30694041,-125.3299704
DE371,1,11.3,27.4,50.30694041,-125.3299704
DE434,0,15.5,13.5,50.31836061,-125.0414036
DE434,1,15.5,13.6,50.31836061,-125.0414036
DE400,0,15.7,17.6,50.30464953,-125.031029
DE400,1,15.6,17.9,50.30464953,-125.031029
DE372,0,11.3,27.7,50.30650945,-125.3288974
DE372,1,11.3,27.7,50.30650945,-125.3288974
DE396,0,10.6,28.1,50.24366831,-125.3960688
DE396,1,10.6,28.2,50.24366831,-125.3960688
JE306,0,9.9,30,50.54391684,-126.8091105
JE306,1,9.8,30.1,50.54391684,-126.8091105
DE376,0,10.7,28.2,50.27200744,-125.3770076
DE376,1,10.7,28.2,50.27200744,-125.3770076
JE307,0,9.9,30.2,50.54351359,-126.6554804
JE307,1,9.8,30.2,50.54351359,-126.6554804
DE402,0,15.8,20,50.31775016,-125.0423266
DE402,1,16,20.2,50.31775016,-125.0423266
DE420,0,15.6,23,50.30445013,-125.0320482
DE420,1,15.6,23,50.30445013,-125.0320482
DE377,0,10.9,27.1,50.2435595,-125.3958669
DE377,1,10.9,27.6,50.2435595,-125.3958669
JE337,0,9.7,29.7,NA,NA
JE337,1,9.6,29.8,NA,NA
DE378,0,11.5,27.4,50.3075493,-125.3299937
DE378,1,11.5,27.4,50.3075493,-125.3299937
JE308,0,10.6,28.7,50.60208876,-126.7038797
JE308,1,10,29,50.60208876,-126.7038797
DE398,0,15.3,17.4,50.31992426,-125.0411054
DE398,1,15.2,20.5,50.31992426,-125.0411054
JE309,0,10.1,29.2,50.54495212,-126.8125306
JE309,1,9.9,29.6,50.54495212,-126.8125306
DE410,0,15.5,16.3,50.30374111,-125.0310753
DE410,1,15.5,17.5,50.30374111,-125.0310753
DE373,0,10.8,28.3,50.30626284,-125.3311263
DE373,1,10.8,28.3,50.30626284,-125.3311263
DE394,0,10.5,28.4,50.24400736,-125.3953343
DE394,1,10.4,28.5,50.24400736,-125.3953343
DE406,0,10.5,28.5,50.27121365,-125.3728963
DE406,1,10.5,28.5,50.27121365,-125.3728963
JE310,0,9.8,30,50.54569295,-126.8165901
JE310,1,9.7,30.2,50.54569295,-126.8165901
DE374,0,10.3,28.3,50.44220425,-125.2728974
DE374,1,10.3,28.3,50.44220425,-125.2728974
JE311,0,9.6,30,50.60218641,-126.703031
JE311,1,9.6,30,50.60218641,-126.703031
DE457,0,10.7,28.4,50.29712418,-125.340398
DE457,1,10.7,28.5,50.29712418,-125.340398
DE458,0,10.5,28.5,50.309688800000004,-125.3213712
DE458,1,10.5,28.5,50.309688800000004,-125.3213712
DE459,0,12,28.4,50.30955096,-125.3066342
DE459,1,11.9,28.5,50.30955096,-125.3066342
#N/A,0,11.5,28.2,50.3095439,-125.3066304
#N/A,1,11.4,28.3,50.3095439,-125.3066304
DE460,0,11.2,28.3,50.29855404,-125.3378304
DE460,1,10.9,28.4,50.29855404,-125.3378304
DE461,0,11.3,28.5,50.30650239,-125.3305996
DE461,1,11.1,28.4,50.30650239,-125.3305996
DE462,0,11.7,28.4,50.30819675,-125.3273584
DE462,1,11.4,28.3,50.30819675,-125.3273584
DE463,1,10.9,28.3,50.30811677,-125.3268965
DE463,0,11.1,28.2,50.30811677,-125.3268965
DE379,0,10.8,28.6,50.24411394,-125.3959049
DE379,1,10.8,28.6,50.24411394,-125.3959049
DE375,0,11,28.6,50.27127346,-125.3765306
DE375,1,11,28.6,50.27127346,-125.3765306
DE380,0,12.6,28.2,50.30614264,-125.3307708
DE380,1,11.7,28.1,50.30614264,-125.3307708
DE395,0,10.3,28.3,50.44448556,-125.2789286
DE395,1,10.3,28.4,50.44448556,-125.2789286
JE314,0,10.6,29.5,50.54392937,-126.8170741
JE314,1,10.5,29.5,50.54392937,-126.8170741
DE397,0,19.1,13.8,50.31984638,-125.0400481
DE397,1,18.8,18.8,50.31984638,-125.0400481
DE399,0,19,13.8,50.30412078,-125.0335894
DE399,1,18.5,15,50.30412078,-125.0335894
JE312,0,10.7,29.7,50.54486732,-126.6569614
JE312,1,10.5,29.8,50.54486732,-126.6569614
DE381,0,11.4,28.3,50.30704661,-125.3290145
DE381,1,11.4,28.3,50.30704661,-125.3290145
JE316,0,10.3,29.9,50.54592746,-126.8152337
JE316,1,10.2,30,50.54592746,-126.8152337
JE338,0,10.4,29.8,50.53882559,-126.7770512
JE338,1,10.3,29.8,50.53882559,-126.7770512
JE363,0,10.4,29.5,50.52657203,-126.7278869
JE363,1,10.2,29.9,50.52657203,-126.7278869
JE315,0,10.6,29.7,50.54537335,-126.6582523
JE315,1,10.5,29.7,50.54537335,-126.6582523
JE340,0,10.7,29.7,50.53760593,-126.6320848
JE340,1,10.6,29.7,50.53760593,-126.6320848
JE341,0,10.1,30.2,50.59942039,-126.703222
JE341,1,9.8,30.1,50.59942039,-126.703222
